{
  "IsEncrypted": false,
  "Values": {
    "AzureWebJobsStorage": "UseDevelopmentStorage=true",
    "FUNCTIONS_WORKER_RUNTIME": "python",
    "ENVIRONMENT": "development",
    "MAX_RESULTS": "2",
    "CREATE_LOCAL_FILES": "True",
    "SSL_VERIFY": "False",
    "CREATE_CONFLUENCE_PAGES": "False",
    "AZURE_OPENAI_CHAT_COMPLETIONS_API_VERSION": "${AZURE_OPENAI_CHAT_COMPLETIONS_API_VERSION}",
    "AZURE_OPENAI_GPT_DEPLOYMENT": "${AZURE_OPENAI_GPT_DEPLOYMENT}",
    "AZURE_OPENAI_KEY": "${AZURE_OPENAI_KEY}",
    "AZURE_OPENAI_ENDPOINT": "${AZURE_OPENAI_ENDPOINT}",
    "ATLASSIAN_URL": "${ATLASSIAN_URL}",
    "ATLASSIAN_USERNAME": "${ATLASSIAN_USERNAME}",
    "ATLASSIAN_API_KEY": "${ATLASSIAN_API_KEY}",
    "CONFLUENCE_SPACE_KEY": "${CONFLUENCE_SPACE_KEY}",
    "CONFLUENCE_PARENT_ID": "${CONFLUENCE_PARENT_ID}",
    "CONFLUENCE_BASE_URL": "${CONFLUENCE_BASE_URL}"
  },
  "Host": {
    "CORS": "*",
    "LocalHttpPort": 7071
  }
}
